Josh,Allen,QB,BUF,7
Lamar,Jackson,QB,BAL,7
Jalen,Hurts,QB,PHI,9
Jayden,Daniels,QB,WAS,12
Joe,Burrow,QB,CIN,10
Saquon,Barkley,RB,PHI,9
Kyler,Murray,QB,ARI,8
Baker,Mayfield,QB,TB,9
Ja'Marr,Chase,WR,CIN,10
Patrick,Mahomes,QB,KC,10
Brock,Purdy,QB,SF,14
Justin,Fields,QB,NYJ,9
Bo,Nix,QB,DEN,12
Dak,Prescott,QB,DAL,10
Jahmyr,Gibbs,RB,DET,8
Daniel,Jones,QB,IND,11
Jared,Goff,QB,DET,8
Bijan,Robinson,RB,ATL,5
Caleb,Williams,QB,CHI,5
Justin,Jefferson,WR,MIN,6
Malik,Nabers,WR,NYG,14
Josh,Jacobs,RB,GB,5
Jordan,Love,QB,GB,5
Derrick,Henry,RB,BAL,7
Drake,Maye,QB,NE,14
Geno,Smith,QB,LV,8
Justin,Herbert,QB,LAC,12
Trevor,Lawrence,QB,JAC,8
C.J.,Stroud,QB,HOU,6
CeeDee,Lamb,WR,DAL,10
Tua,Tagovailoa,QB,MIA,12
Bryce,Young,QB,CAR,14
Brian,Thomas-Jr.,WR,JAC,8
J.J.,McCarthy,QB,MIN,6
Puka,Nacua,WR,LAR,8
Michael,Penix-Jr.,QB,ATL,5
Kyren,Williams,RB,LAR,8
Amon-Ra,St.-Brown,WR,DET,8
Davante,Adams,WR,LAR,8
Matthew,Stafford,QB,LAR,8
Nico,Collins,WR,HOU,6
Christian,McCaffrey,RB,SF,14
Jonathan,Taylor,RB,IND,11
Alvin,Kamara,RB,NO,11
Ashton,Jeanty,RB,LV,8
Aaron,Rodgers,QB,PIT,5
Tee,Higgins,WR,CIN,10
Sam,Darnold,QB,SEA,8
Bucky,Irving,RB,TB,9
Chase,Brown,RB,CIN,10
Mike,Evans,WR,TB,9
Ladd,McConkey,WR,LAC,12
A.J.,Brown,WR,PHI,9
De'Von,Achane,RB,MIA,12
Drake,London,WR,ATL,5
Cameron,Ward,QB,TEN,10
George,Kittle,TE,SF,14
James,Cook,RB,BUF,7
Russell,Wilson,QB,NYG,14
Tyreek,Hill,WR,MIA,12
Brock,Bowers,TE,LV,8
Kenneth,Walker-III,RB,SEA,8
Jaxon,Smith-Njigba,WR,SEA,8
James,Conner,RB,ARI,8
DJ,Moore,WR,CHI,5
Breece,Hall,RB,NYJ,9
Xavier,Worthy,WR,KC,10
DK,Metcalf,WR,PIT,5
Marvin,Harrison-Jr.,WR,ARI,8
Trey,McBride,TE,ARI,8
Chuba,Hubbard,RB,CAR,14
DeVonta,Smith,WR,PHI,9
D'Andre,Swift,RB,CHI,5
Terry,McLaurin,WR,WAS,12
Aaron,Jones,RB,MIN,6
Garrett,Wilson,WR,NYJ,9
Courtland,Sutton,WR,DEN,12
Zay,Flowers,WR,BAL,7
David,Montgomery,RB,DET,8
George,Pickens,WR,DAL,10
Jakobi,Meyers,WR,LV,8
TreVeyon,Henderson,RB,NE,14
Jerry,Jeudy,WR,CLE,9
Jameson,Williams,WR,DET,8
Joe,Mixon,RB,HOU,6
Michael,Pittman,WR,IND,11
Calvin,Ridley,WR,TEN,10
Ricky,Pearsall,WR,SF,14
Omarion,Hampton,RB,LAC,12
Rashee,Rice,WR,KC,10
Tony,Pollard,RB,TEN,10
RJ,Harvey,RB,DEN,12
Travis,Kelce,TE,KC,10
Deebo,Samuel,WR,WAS,12
Sam,LaPorta,TE,DET,8
Mark,Andrews,TE,BAL,7
Darnell,Mooney,WR,ATL,5
Tetairoa,McMillan,WR,CAR,14
Chris,Godwin,WR,TB,9
Emeka,Egbuka,WR,TB,9
Travis,Hunter,WR,JAC,8
Cooper,Kupp,WR,SEA,8
Jordan,Addison,WR,MIN,6
Josh,Downs,WR,IND,11
Stefon,Diggs,WR,NE,14
Jaylen,Waddle,WR,MIA,12
Rashod,Bateman,WR,BAL,7
Jauan,Jennings,WR,SF,14
Austin,Ekeler,RB,WAS,12
David,Njoku,TE,CLE,9
T.J.,Hockenson,TE,MIN,6
Matthew,Golden,WR,GB,5
Joe,Flacco,QB,CLE,9
Jayden,Reed,WR,GB,5
Jacory,Croskey-Merritt,RB,WAS,12
Rome,Odunze,WR,CHI,5
Christian,Kirk,WR,HOU,6
Khalil,Shakir,WR,BUF,7
Quentin,Johnston,WR,LAC,12
Zach,Ertz,TE,WAS,12
Tyrone,Tracy-Jr.,RB,NYG,14
Tyler,Shough,QB,NO,11
Keon,Coleman,WR,BUF,7
Chris,Olave,WR,NO,11
Adam,Thielen,WR,CAR,14
Dallas,Goedert,TE,PHI,9
Wan'Dale,Robinson,WR,NYG,14
Alec,Pierce,WR,IND,11
Rashid,Shaheed,WR,NO,11
Zach,Charbonnet,RB,SEA,8
Calvin,Austin-III,WR,PIT,5
Keenan,Allen,WR,LAC,12
Tyler,Warren,TE,IND,11
Tank,Bigsby,RB,JAC,8
Romeo,Doubs,WR,GB,5
Rhamondre,Stevenson,RB,NE,14
Kaleb,Johnson,RB,PIT,5
Evan,Engram,TE,DEN,12
Jordan,Mason,RB,MIN,6
Demario,Douglas,WR,NE,14
Tucker,Kraft,TE,GB,5
Travis,Etienne,RB,JAC,8
Xavier,Legette,WR,CAR,14
Hunter,Henry,TE,NE,14
Michael,Wilson,WR,ARI,8
Isiah,Pacheco,RB,KC,10
Quinshon,Judkins,RB,CLE,9
Jaylen,Warren,RB,PIT,5
Marvin,Mims,WR,DEN,12
Jalen,Tolbert,WR,DAL,10
Jake,Ferguson,TE,DAL,10
Rachaad,White,RB,TB,9
Nick,Chubb,RB,HOU,6
J.K.,Dobbins,RB,DEN,12
Brandon,Aiyuk,WR,SF,14
Ollie,Gordon-II,RB,MIA,12
Cedric,Tillman,WR,CLE,9
Christian,Watson,WR,GB,5
Jonnu,Smith,TE,PIT,5
Marquise,Brown,WR,KC,10
Isaiah,Likely,TE,BAL,7
Brenton,Strange,TE,JAC,8
Jack,Bech,WR,LV,8
Darren,Waller,TE,MIA,12
Luther,Burden-III,WR,CHI,5
Tyler,Higbee,TE,LAR,8
Josh,Palmer,WR,BUF,7
Tory,Horton,WR,SEA,8
Kendre,Miller,RB,NO,11
Dalton,Kincaid,TE,BUF,7
Kyle,Pitts,TE,ATL,5
Dalton,Schultz,TE,HOU,6
Najee,Harris,RB,LAC,12
Tre,Tucker,WR,LV,8
Cade,Otton,TE,TB,9
Jaydon,Blue,RB,DAL,10
Bhayshul,Tuten,RB,JAC,8
Jayden,Higgins,WR,HOU,6
Javonte,Williams,RB,DAL,10
Jalen,Nailor,WR,MIN,6
MarShawn,Lloyd,RB,GB,5
Juwan,Johnson,TE,NO,11
Raheem,Mostert,RB,LV,8
Tyjae,Spears,RB,TEN,10
DeAndre,Hopkins,WR,BAL,7
Ray,Davis,RB,BUF,7
Braelon,Allen,RB,NYJ,9
Nick,Westbrook-Ikhine,WR,MIA,12
Ray-Ray,McCloud,WR,ATL,5
Kyle,Williams,WR,NE,14
Pat,Freiermuth,TE,PIT,5
Tyler,Lockett,WR,TEN,10
Dontayvion,Wicks,WR,GB,5
Colston,Loveland,TE,CHI,5
Trey,Benson,RB,ARI,8
Jerome,Ford,RB,CLE,9
Brandin,Cooks,WR,NO,11
Dylan,Sampson,RB,CLE,9
Jalen,Coker,WR,CAR,14
Theo,Johnson,TE,NYG,14
Cam,Skattebo,RB,NYG,14
Tutu,Atwell,WR,LAR,8
Noah,Fant,TE,CIN,10
Mike,Gesicki,TE,CIN,10
Roschon,Johnson,RB,CHI,5
Chigoziem,Okonkwo,TE,TEN,10
Andrei,Iosivas,WR,CIN,10
Mason,Taylor,TE,NYJ,9
Tyler,Conklin,TE,LAC,12
Robbie,Ouzts,TE,SEA,8
Curtis,Samuel,WR,BUF,7
Ty,Johnson,RB,BUF,7
Marquez,Valdes-Scantling,WR,SEA,8
Allen,Lazard,WR,NYJ,9
Rico,Dowdle,RB,CAR,14
Will,Dissly,TE,LAC,12
Isaac,Guerendo,RB,SF,14
Tyler,Allgeier,RB,ATL,5
Greg,Dortch,WR,ARI,8
Tre,Harris,WR,LAC,12
Foster,Moreau,TE,NO,11
Darius,Slayton,WR,NYG,14
Noah,Brown,WR,WAS,12
Cole,Kmet,TE,CHI,5
Kayshon,Boutte,WR,NE,14
Keaton,Mitchell,RB,BAL,7
Ja'Tavion,Sanders,TE,CAR,14
Josh,Reynolds,WR,NYJ,9
Miles,Sanders,RB,DAL,10
Chris,Rodriguez-Jr.,RB,WAS,12
Antonio,Gibson,RB,NE,14
Trevor,Etienne,RB,CAR,14
Justice,Hill,RB,BAL,7
Jaylen,Wright,RB,MIA,12
Kareem,Hunt,RB,KC,10
Demarcus,Robinson,WR,SF,14
Josh,Oliver,TE,MIN,6
Dyami,Brown,WR,JAC,8
Elijah,Mitchell,RB,KC,10
Dareke,Young,WR,SEA,8
Tyler,Johnson,WR,NYJ,9
Spencer,Rattler,QB,NO,11
Jarquez,Hunter,RB,LAR,8
Adonai,Mitchell,WR,IND,11
Jaylin,Noel,WR,HOU,6
Van,Jefferson,WR,TEN,10
Khalil,Herbert,RB,IND,11
Diontae,Johnson,WR,CLE,9
Robert,Woods,WR,PIT,5
Jalen,McMillan,WR,TB,9
Noah,Gray,TE,KC,10
Parker,Washington,WR,JAC,8
Pat,Bryant,WR,DEN,12
Kevin,Austin-Jr.,WR,NO,11
Troy,Franklin,WR,DEN,12
Mack,Hollins,WR,NE,14
Brock,Wright,TE,DET,8
AJ,Barner,TE,SEA,8
Malik,Heath,WR,GB,5
Taysom,Hill,"QB,TE",NO,11
Samaje,Perine,RB,CIN,10
Dont'e,Thornton-Jr.,WR,LV,8
Andrew,Ogletree,TE,IND,11
Blake,Corum,RB,LAR,8
Jaylin,Lane,WR,WAS,12
Kendrick,Bourne,WR,NE,14
Austin,Hooper,TE,NE,14
Tim,Patrick,WR,DET,8
Tommy,Tremble,TE,CAR,14
Jamari,Thrash,WR,CLE,9
Kyle,Juszczyk,RB,SF,14
Hunter,Renfrow,WR,CAR,14
Roman,Wilson,WR,PIT,5
Derius,Davis,WR,LAC,12
Dante,Pettis,WR,NO,11
Brian,Robinson-Jr.,RB,WAS,12
Connor,Heyward,TE,PIT,5
Malik,Washington,WR,MIA,12
Tyler,Goodson,RB,IND,11
Jalen,Royals,WR,KC,10
Braxton,Berrios,WR,HOU,6
Jelani,Woods,TE,IND,11
Tahj,Brooks,RB,CIN,10
Jake,Bobo,WR,SEA,8
Mecole,Hardman,WR,GB,5
Devin,Singletary,RB,NYG,14
Terrance,Ferguson,TE,LAR,8
Isaiah,Bond,WR,CLE,9
Audric,Estime,RB,DEN,12
Michael,Mayer,TE,LV,8
Zay,Jones,WR,ARI,8
Skyy,Moore,WR,SF,14
Josh,Whyle,TE,TEN,10
Luke,Musgrave,TE,GB,5
John,Metchie-III,WR,PHI,9
Cedrick,Wilson-Jr.,WR,NO,11
Chimere,Dike,WR,TEN,10
Elic,Ayomanor,WR,TEN,10
Kalif,Raymond,WR,DET,8
Jalen,Milroe,QB,SEA,8
Darnell,Washington,TE,PIT,5
Elijah,Arroyo,TE,SEA,8
Malachi,Corley,WR,NYJ,9
Kenneth,Gainwell,RB,PIT,5
Emari,Demercado,RB,ARI,8
Hunter,Long,TE,JAC,8
Jeremy,Ruckert,TE,NYJ,9
Grant,Calcaterra,TE,PHI,9
Harold,Fannin-Jr.,TE,CLE,9
Jermaine,Burton,WR,CIN,10
Xavier,Hutchinson,WR,HOU,6
Gunnar,Helm,TE,TEN,10
Bo,Melton,WR,GB,5
Jalen,Reagor,WR,LAC,12
KaVontae,Turpin,WR,DAL,10
Lucky,Jackson,WR,MIN,6
Devin,Duvernay,WR,CHI,5
Jalen,Brooks,WR,DAL,10
Julian,Hill,TE,MIA,12
Justin,Watson,WR,HOU,6
Adam,Trautman,TE,DEN,12
Devontez,Walker,WR,BAL,7
Nikko,Remigio,WR,KC,10
Isaiah,Hodgins,WR,SF,14
Mitchell,Tinsley,WR,CIN,10
AJ,Dillon,RB,PHI,9
Dawson,Knox,TE,BUF,7
Payne,Durham,TE,TB,9
Ryan,Miller,WR,TB,9
Jahan,Dotson,WR,PHI,9
Russell,Gage,WR,SF,14
Tai,Felton,WR,MIN,6
Rakim,Jarrett,WR,TB,9
Luke,Schoonmaker,TE,DAL,10
Will,Shipley,RB,PHI,9
Lawrence,Cager,TE,WAS,12
Teagan,Quitoriano,TE,ATL,5
Elijah,Higgins,TE,ARI,8
Colby,Parkinson,TE,LAR,8
Johnny,Mundt,TE,JAC,8
Christopher,Brooks,RB,GB,5
Carson,Steele,RB,KC,10
Jeremy,McNichols,RB,WAS,12
Isaiah,Williams,WR,CIN,10
Kameron,Johnson,WR,TB,9
Nate,Adkins,TE,DEN,12
Giovanni,Ricci,TE,MIN,6
Jacob,Cowing,WR,SF,14
Jamal,Agnew,WR,ATL,5
Tahj,Washington,WR,MIA,12
John,Stephens-Jr.,WR,DAL,10
Jordan,Whittington,WR,LAR,8
Tank,Dell,WR,HOU,6
Luke,McCaffrey,WR,WAS,12
Isaiah,Davis,RB,NYJ,9
Michael,Burton,RB,DEN,12
Elijhah,Badger,WR,KC,10
Trey,Palmer,WR,TB,9
Tanner,McLachlan,TE,CIN,10
Isaac,TeSlaa,WR,DET,8
Dominic,Lovett,WR,DET,8
Tez,Johnson,WR,TB,9
Qadir,Ismail,WR,LV,8
Jordan,Watkins,WR,SF,14
Konata,Mumpfield,WR,LAR,8
Simi,Fehoko,WR,ARI,8
Casey,Washington,WR,ATL,5
Junior,Bergen,WR,SF,14
LaJohntay,Wester,WR,BAL,7
Savion,Williams,WR,GB,5
Xavier,Guillory,WR,BAL,7
Tim,Jones,WR,MIN,6
Anthony,Gould,WR,IND,11
Ricky,White-III,WR,SEA,8
Devin,Culp,TE,TB,9
Jonathan,Mingo,WR,DAL,10
Cam,Grandy,TE,CIN,10
Kaden,Davis,WR,CLE,9
Xavier,Weaver,WR,ARI,8
Brevyn,Spann-Ford,TE,DAL,10
Arian,Smith,WR,NYJ,9
Elijah,Moore,WR,BUF,7
Charlie,Kolar,TE,BAL,7
Jake,Briningstool,TE,KC,10
Jimmy,Garoppolo,QB,LAR,8
Ashton,Dulin,WR,IND,11
KeAndre,Lambert-Smith,WR,LAC,12
Brenden,Rice,WR,LAC,12
Gavin,Bartholomew,TE,MIN,6
Xavier,Smith,WR,LAR,8
Stone,Smartt,TE,NYJ,9
Drew,Sample,TE,CIN,10
Xavier,Gipson,WR,NYJ,9
C.J.,Ham,RB,MIN,6
Jared,Wiley,TE,KC,10
Javon,Baker,WR,NE,14
Alec,Ingold,RB,MIA,12
Greg,Dulcich,TE,NYG,14
Nyheim,Miller-Hines,RB,LAC,12
Hassan,Haskins,RB,LAC,12
Tyler,Scott,WR,CHI,5
Ryan,Flournoy,WR,DAL,10
Sean,Tucker,RB,TB,9
Jimmy,Horn-Jr.,WR,CAR,14
Tanner,Conner,TE,MIA,12
Ian,Thomas,TE,LV,8
Eric,Saubert,TE,SEA,8
Justin,Shorter,WR,LV,8
Cade,Stover,TE,HOU,6
Robert,Tonyan,TE,KC,10
Michael,Gallup,WR,WAS,12
Velus,Jones-Jr.,WR,NO,11
Travis,Vokolek,TE,ARI,8
Britain,Covey,WR,LAR,8
Pharaoh,Brown,TE,MIA,12
Luke,Farrell,TE,SF,14
Olamide,Zaccheaus,WR,CHI,5
Ben,Sinnott,TE,WAS,12
Quintin,Morris,TE,JAC,8
Trent,Sherfield,WR,DEN,12
Tip,Reiman,TE,ARI,8
Caleb,Lohner,TE,DEN,12
Brenden,Bates,TE,CLE,9
Blake,Whiteheart,TE,CLE,9
Durham,Smythe,TE,CHI,5
Mitchell,Evans,TE,CAR,14
Thomas,Fidone-II,TE,NYG,14
Chris,Manhertz,TE,NYG,14
Zavier,Scott,RB,MIN,6
Luke,Lachey,TE,HOU,6
Jordan,James,RB,SF,14
Keleki,Latu,TE,BUF,7
Amar,Johnson,RB,GB,5
Moliki,Matavao,TE,NO,11
DJ,Giddens,RB,IND,11
Charlie,Jones,WR,CIN,10
Ben,Sims,TE,GB,5
Anthony,Miller,WR,BAL,7
Oronde,Gadsden-II,TE,LAC,12
Jackson,Hawes,TE,BUF,7
Will,Mallory,TE,IND,11
Devin,Neal,RB,NO,11
Brayden,Willis,TE,SF,14
Lucas,Krull,TE,DEN,12
Kyle,Monangai,RB,CHI,5
Ainias,Smith,WR,PHI,9
DeeJay,Dallas,RB,ARI,8
Emanuel,Wilson,RB,GB,5
Laviska,Shenault-Jr.,WR,BUF,7
Kimani,Vidal,RB,LAC,12
Israel,Abanikanda,RB,GB,5
Michael,Carter,RB,ARI,8
Phil,Mafah,RB,DAL,10
LeQuint,Allen,RB,JAC,8
Woody,Marks,RB,HOU,6
Kalel,Mullings,RB,TEN,10
Cam,Akers,RB,NO,11
Damien,Martinez,RB,SEA,8
Chris,Collier,RB,LV,8
Brashard,Smith,RB,KC,10
Jha'Quan,Jackson,WR,TEN,10
Dameon,Pierce,RB,HOU,6
Dare,Ogunbowale,RB,HOU,6
Tyler,Badie,RB,DEN,12
James,Proche,WR,TEN,10
Chris,Myarick,TE,MIA,12
Jake,Browning,QB,CIN,10
Jalin,Hyatt,WR,NYG,14
Dylan,Laube,RB,LV,8
Patrick,Ricard,RB,BAL,7
Trey,Sermon,RB,PIT,5
Daniel,Bellinger,TE,NYG,14
Andrew,Beck,RB,NYJ,9
Collin,Johnson,WR,LV,8
Craig,Reynolds,RB,DET,8
Mason,Tipton,WR,NO,11
Zach,Pascal,WR,NYG,14
Ko,Kieft,TE,TB,9
Devaughn,Vele,WR,NO,11
Jack,Stoll,TE,NO,11
Hunter,Luepke,RB,DAL,10
Zonovan,Knight,RB,ARI,8
Eric,Gray,RB,NYG,14
Jaleel,McLaughlin,RB,DEN,12
DeAndre,Carter,WR,CLE,9
Pierre,Strong-Jr.,RB,CLE,9
Charlie,Woerner,TE,ATL,5
Jarrett,Stidham,QB,DEN,12
Jacoby,Brissett,QB,ARI,8
Ty,Chandler,RB,MIN,6
Zach,Wilson,QB,MIA,12
Malik,Willis,QB,GB,5
John,Bates,TE,WAS,12
Tyrod,Taylor,QB,NYJ,9
Marcus,Mariota,QB,WAS,12
Tyson,Bagent,QB,CHI,5
Jameis,Winston,QB,NYG,14
Mitch,Trubisky,QB,BUF,7
Davis,Mills,QB,HOU,6
Mason,Rudolph,QB,PIT,5
Joe,Milton-III,QB,DAL,10
Kylen,Granson,TE,PHI,9
Aidan,O'Connell,QB,LV,8
Cam,Miller,QB,LV,8
Tommy,Mellott,WR,LV,8
Deuce,Vaughn,RB,DAL,10
Quinn,Ewers,QB,MIA,12
Hendon,Hooker,QB,DET,8
Josh,Johnson,QB,WAS,12
Graham,Mertz,QB,HOU,6
Tanner,McKee,QB,PHI,9
Will,Howard,QB,PIT,5
Kyle,McCord,QB,PHI,9
Case,Keenum,QB,CHI,5
Tanner,Hudson,TE,CIN,10
Terrace,Marshall-Jr.,WR,PHI,9
Kyle,Trask,QB,TB,9
Jake,Haener,QB,NO,11
Mac,Jones,QB,SF,14
Andy,Dalton,QB,CAR,14
Gardner,Minshew,QB,KC,10
Sincere,McCormick,RB,LV,8
Zamir,White,RB,LV,8
Cooper,Rush,QB,BAL,7
Joshua,Dobbs,QB,NE,14
Sione,Vaki,RB,DET,8
Anthony,Richardson,QB,IND,11
Sam,Howell,QB,MIN,6
Kenny,Pickett,QB,CLE,9
Nick,Mullens,QB,JAC,8
Gary,Brightwell,RB,CIN,10
Steven,Sims,WR,SEA,8
Brandon,Allen,QB,TEN,10
Miles,Boykin,WR,CHI,5
Feleipe,Franks,TE,ATL,5
Dillon,Gabriel,QB,CLE,9
Jaxson,Dart,QB,NYG,14
Ronnie,Rivers,RB,LAR,8
Drew,Lock,QB,SEA,8
Shedeur,Sanders,QB,CLE,9
Jakob,Johnson,RB,HOU,6
Trey,Lance,QB,LAC,12
Avery,Williams,RB,PHI,9
Kirk,Cousins,QB,ATL,5
Clayton,Tune,QB,ARI,8
Reggie,Gilliam,RB,BUF,7
Zach,Horton,TE,DET,8
Jake,Burt,TE,NE,14
Deshaun,Fenwick,RB,GB,5
Kawaan,Baker,WR,GB,5
Clint,Ratkovich,RB,ATL,5
Changa,Hodge,WR,ARI,8
Brandon,Smith,WR,NYJ,9
Jalen,Wydermyer,TE,IND,11
Jadakis,Bonds,WR,GB,5
Dorian,Thompson-Robinson,QB,PHI,9
Cole,Turner,TE,WAS,12
Jermaine,Terry-II,TE,NYG,14
Anthony,Schwartz,WR,MIA,12
Shedrick,Jackson,WR,LV,8
Matt,Seybert,TE,LAC,12
Jawon,Chisholm,RB,PIT,5
Andrew,Armstrong,WR,MIA,12
Devin,Carter,WR,CAR,14
Johnnie,Dixon,WR,DAL,10
Reece,Horn,WR,CIN,10
Jared,Smart,WR,ARI,8
T.J.,Vasher,WR,DAL,10
Kyrese,Rowan,WR,DEN,12
James,Mitchell,TE,CAR,14
Deon,Cain,WR,BUF,7
Dallin,Holker,TE,NO,11
Ahmarean,Brown,WR,BUF,7
D.J.,Montgomery,WR,IND,11
Jeremiah,Hall,TE,NYG,14
Shane,Watts,RB,NE,14
Nick,Easley,WR,BUF,7
Javian,Hawkins,RB,LAR,8
Izaiah,Gathings,TE,KC,10
CJ,Marable,RB,NE,14
Parker,Hesse,TE,DET,8
Keilahn,Harris,WR,PIT,5
Felix,Harper,QB,CLE,9
Princeton,Fant,TE,DAL,10
Marcus,Santos-Silva,TE,CLE,9
K.J.,Costello,QB,NO,11
Phillip,Brooks,WR,KC,10
Tyler,Simmons,WR,PIT,5
Quali,Conley,RB,CIN,10
Mike,Williams,WR,LAC,12
Thayer,Thomas,WR,MIN,6
Jarveon,Howard,RB,BUF,7
Elijah,Collins,RB,CIN,10
Jack,Coan,QB,IND,11
Noah,Cain,RB,CIN,10
TaMerik,Williams,RB,SEA,8
Emory,Jones,QB,ATL,5
Gunnar,Oakes,TE,DET,8
Ryan,McDaniel,WR,JAC,8
Leonard,Taylor,TE,JAC,8
Charleston,Rambo,WR,PHI,9
Quintez,Cephus,WR,BUF,7
Makai,Polk,WR,ATL,5
Tyler,Gaffney,RB,NE,14
DeAndre,Thompkins,WR,GB,5
Darius,Hagans,RB,PIT,5
Myles,Price,WR,MIN,6
Kameron,Brown,WR,TB,9
Marshall,Lang,TE,SEA,8
Keelan,Doss,WR,LV,8
Ihmir,Smith-Marsette,WR,NYG,14
Lucas,Scott,RB,BAL,7
Shane,Buechele,QB,BUF,7
Mason,Pline,TE,NO,11
Kris,Leach,TE,DEN,12
D'Wayne,Eskridge,WR,MIA,12
Bruno,Labelle,TE,ARI,8
K.J.,Osborn,WR,WAS,12
Chase,Edmonds,RB,TB,9
Emmanuel,Butler,WR,NO,11
Camren,McDonald,TE,LAR,8
Raheim,Sanders,RB,LAC,12
Jalen,Morton,QB,IND,11
Nick,Nash,WR,ATL,5
Davis,Allen,TE,LAR,8
Riley,Lees,WR,CIN,10
R.J.,Starkey,WR,GB,5
Shaquan,Davis,WR,PIT,5
Malik,Cunningham,QB,BAL,7
Emeka,Emezie,WR,ATL,5
Rysen,John,TE,CHI,5
Terry,Wright,WR,MIA,12
Christian,Wade,RB,BUF,7
Drew,Plitt,QB,CIN,10
Joshua,Kelley,RB,TEN,10
Micah,Bernard,RB,NE,14
Sam,Pitz,TE,BAL,7
Tom,Kennedy,WR,DET,8
Carson,Wentz,QB,KC,10
Travis,Koontz,TE,LV,8
Dominique,Dafney,TE,CAR,14
Daijun,Edwards,RB,PIT,5
Jordan,Waters,RB,LAR,8
Kyle,Shurmur,QB,WAS,12
Reggie,Roberson-Jr.,WR,TEN,10
Mikey,Daniel,RB,CAR,14
Nolan,Henderson,QB,BAL,7
Stephen,Carlson,TE,CHI,5
Kade,Warner,WR,TB,9
Carson,Williams,TE,LV,8
Damon,Hazelton,WR,HOU,6
Kevin,Shaa,WR,CHI,5
Titus,Swen,RB,IND,11
Jabari,Small,RB,DET,8
Tucker,Fisk,TE,LAC,12
Bryce,Ford-Wheaton,WR,NYG,14
LaVance,Taylor,RB,KC,10
Cole,Burgess,WR,CIN,10
Patrick,Taylor,RB,SF,14
Amari,Cooper,WR,BUF,7
Daje,Johnson,WR,ATL,5
Garrett,Groshek,RB,MIN,6
Temuchin,Hodges,TE,PIT,5
Valentine,Holmes,RB,NYJ,9
Tre'Quan,Smith,WR,DET,8
Devin,Ross,WR,LV,8
Darius,Clark,RB,CAR,14
Elijah,Dotson,RB,ATL,5
Mitchell,Wilcox,TE,NE,14
Darrin,Hall,RB,PIT,5
Shemar,Bridges,WR,BAL,7
Ajou,Ajou,WR,IND,11
Tyler,Neville,TE,DAL,10
Khadarel,Hodge,WR,ATL,5
Chris,Pierce-Jr.,TE,CAR,14
Jordan,Murray,TE,CHI,5
Tayon,Fleet-Davis,RB,KC,10
Hayden,Rucci,TE,MIA,12
Brycen,Tremayne,WR,CAR,14
Armani,Rogers,TE,BUF,7
Sandro,Platzgummer,RB,NYG,14
Ramel,Keyton,WR,TEN,10
Tyler,Vaughns,WR,PIT,5
Ulysses,Bentley-IV,RB,IND,11
Jamie,Newman,QB,PHI,9
Geor'quarius,Spivey,TE,KC,10
Raheem,Blackshear,RB,CAR,14
Avery,Davis,WR,DET,8
Chevan,Cordeiro,QB,SEA,8
Joshua,Cephus,WR,JAC,8
Baylor,Cupp,TE,BAL,7
Seth,Williams,WR,LV,8
Stanley,Morgan,WR,TEN,10
Daniel,Arias,WR,ARI,8
Dante,Miller,RB,NYG,14
Scott,Orndoff,TE,PHI,9
Tejhaun,Palmer,WR,ARI,8
Dennis,Houston,WR,TB,9
Tyler,Hudson,WR,LAR,8
Terrell,Bynum,WR,LV,8
Jordan,Byrd,RB,PIT,5
Irvin,Charles,WR,NYJ,9
Anthony,Brown,QB,BUF,7
Donald,Parham-Jr.,TE,PIT,5
Jazz,Ferguson,WR,SEA,8
Emanuel,Hall,WR,WAS,12
Jeff,Wilson,RB,SF,14
Abram,Smith,RB,MIN,6
Josh,Love,QB,CAR,14
Alex,Wesley,WR,CHI,5
Charles,Scarff,TE,BAL,7
A.T.,Perry,WR,DEN,12
Tyron,Johnson,WR,DAL,10
Nick,Vannett,TE,MIN,6
Laquon,Treadwell,WR,IND,11
Brennan,Eagles,WR,DAL,10
Jalen,Virgil,WR,BUF,7
Golden,Tate,WR,TEN,10
Jacob,Saylors,RB,DET,8
Kay'ron,Lynch-Adams,RB,CAR,14
Shaun,Beyer,TE,GB,5
Jaheim,Bell,TE,NE,14
Zion,Bowens,WR,WAS,12
John,Hurst,WR,IND,11
Kazmeir,Allen,WR,WAS,12
Latavius,Murray,RB,BUF,7
Jeremiah,Haydel,WR,LAR,8
Oscar,Cardenas,TE,ARI,8
Arthur,Williams,WR,NYJ,9
Patrick,Herbert,TE,JAC,8
Zach,Gentry,TE,LV,8
Thomas,Odukoya,TE,TEN,10
Shaq,Roland,WR,CHI,5
Brian,Walker,TE,BAL,7
Ben,Wooldridge,QB,NE,14
Eli,Wilson,RB,CLE,9
Austin,Ramesh,RB,ARI,8
Thaddeus,Moss,TE,CIN,10
Colin,Granger,TE,CAR,14
Trishton,Jackson,WR,ARI,8
Darnell,Holland,RB,NO,11
Tre'Shaun,Harrison,WR,TEN,10
Adam,Prentice,RB,DEN,12
Montorie,Foster-Jr.,WR,SEA,8
Aca'Cedric,Ware,RB,TB,9
Shane,Zylstra,TE,DET,8
Mark,Vital,TE,KC,10
Cheyenne,O'Grady,TE,CIN,10
Xazavian,Valladay,RB,MIN,6
Johnny,Johnson-III,WR,HOU,6
Ross,Dwelley,TE,SF,14
Harrison,Bryant,TE,HOU,6
Cole,Fotheringham,TE,NE,14
Brandon,Bridge,QB,FA,0
Trey,Knox,TE,MIN,6
Eli,Wolf,TE,WAS,12
Mitch,Van-Vooren,TE,CLE,9
Montrell,Washington,WR,NYG,14
Billy,Brown,TE,IND,11
Cole,Kelley,QB,WAS,12
Phillip,Dorsett,WR,LV,8
Brittain,Brown,RB,CHI,5
Marcedes,Lewis,TE,CHI,5
Nelson,Agholor,WR,BAL,7
Daniel,Crawford,TE,GB,5
Jalen,Moreno-Cropper,WR,DAL,10
Joel,Honigford,TE,ARI,8
Tanner,Knue,WR,TB,9
Jalen,Hurd,WR,NE,14
Phillip,Sims,QB,SEA,8
Quez,Watkins,WR,ARI,8
Ralph,Webb,RB,PIT,5
Tre,Stewart,RB,MIN,6
John,Paddock,QB,ATL,5
Blake,Watson,RB,DEN,12
Antonio,Nunn,WR,ATL,5
Sam,Brown-Jr.,WR,GB,5
SaRodorick,Thompson,RB,LAR,8
Jake,Funk,RB,JAC,8
Rasheen,Ali,RB,BAL,7
Khalfani,Muhammad,RB,ARI,8
Nate,McCrary,RB,GB,5
Jesper,Horsted,TE,CAR,14
Nick,Guggemos,TE,BUF,7
Steve,Ishmael,WR,IND,11
David,Bell,WR,CLE,9
Justyn,Ross,WR,KC,10
Bryant,Koback,RB,SEA,8
CJ,Verdell,RB,IND,11
Lawrance,Toafili,RB,NYJ,9
Mataeo,Durant,RB,PIT,5
CJ,Dippre,TE,NE,14
Jakobie,Keeney-James,WR,DET,8
Milton,Wright,WR,LAC,12
Keytaon,Thompson,WR,DET,8
Scott,Miller,WR,PIT,5
DJ,Uiagalelei,QB,LAC,12
Stephen,Gosnell,WR,BUF,7
Connor,Wedington,WR,SEA,8
Garrett,Greene,QB,TB,9
Donovan,Edwards,RB,NYJ,9
Raleigh,Webb,WR,TB,9
Jeff,Smith,WR,ARI,8
Jake,Hausmann,TE,WAS,12
Kevin,Kassis,WR,SEA,8
Malik,Knowles,WR,SF,14
Jaelen,Gill,WR,CLE,9
Rico,Bussey,WR,PIT,5
Chase,Garbers,QB,LV,8
John,Jackson-III,WR,CHI,5
La'Michael,Pettway,TE,NE,14
Josh,Reese,WR,PHI,9
Jaren,Hall,QB,SEA,8
JaQuae,Jackson,WR,LAC,12
Key'Shawn,Smith,WR,KC,10
Nate,Wieting,TE,NYG,14
Dalyn,Williams,QB,CHI,5
Nick,Sharga,RB,LV,8
Thomas,Sperbeck,WR,TB,9
Jontre,Kirklin,WR,SF,14
Christian,Scotland-Williamson,TE,PIT,5
Tommy,Sweeney,TE,CHI,5
Oliver,Martin,WR,JAC,8
E.J.,Perry,QB,JAC,8
Mike,Boone,RB,MIA,12
T.J.,Simmons,WR,TB,9
Jalen,Jackson,RB,JAC,8
Manasseh,Bailey,WR,NYJ,9
Ben,Mason,TE,LAC,12
Malik,Taylor,WR,DET,8
ZaQuandre,White,RB,MIA,12
Dillon,Mitchell,WR,MIN,6
Mac,Dalena,WR,KC,10
MyCole,Pruitt,TE,PIT,5
David,Martin-Robinson,TE,TEN,10
Brock,Lampe,RB,NE,14
Blayne,Taylor,WR,IND,11
Dy'Shawn,Mobley,RB,CIN,10
Travis,Homer,RB,CHI,5
Kadarius,Toney,WR,CLE,9
Davon,Grayson,WR,KC,10
Roderick,Daniels-Jr.,WR,NO,11
Matt,Corral,QB,MIN,6
Warren,Jackson,WR,LAR,8
Jahdae,Walker,WR,CHI,5
Lorenzo,Lingard,RB,NYG,14
Jacob,Copeland,WR,PIT,5
Jonathon,Brooks,RB,CAR,14
Malik,Turner,WR,SF,14
Devon,Ramsay,RB,FA,0
Brandon,Johnson,WR,PIT,5
Isaiah,Spiller,RB,LV,8
Zach,Evans,RB,NYJ,9
Tony,Jones,RB,ARI,8
Xavier,White,WR,IND,11
Jacoby,Jones,WR,WAS,12
Josh,Hokit,RB,ARI,8
Kelly,Akharaiyi,WR,ARI,8
Jared,Wayne,WR,HOU,6
Jake,Dolegala,QB,MIA,12
Tay,Martin,WR,WAS,12
Tarik,Black,WR,MIA,12
Dylan,Soehner,TE,NO,11
Trent,Taylor,WR,SF,14
Kyle,Sloter,QB,JAC,8
J.J.,Taylor,RB,HOU,6
Ethan,Garbers,QB,CAR,14
Kenny,Yeboah,TE,DET,8
Mike,Rigerman,TE,BAL,7
Caden,Prieskorn,TE,DEN,12
Nate,Sudfeld,QB,SF,14
Charles,McClelland,RB,TEN,10
Jamal,Custis,WR,PIT,5
Charles,Holland,WR,CIN,10
Sage,Surratt,WR,ARI,8
Ryan,Willis,QB,CHI,5
De'Quan,Hampton,WR,SEA,8
Kwamie,Lassiter-II,WR,CIN,10
Aaron,Bailey,WR,BAL,7
Hayden,Hurst,TE,LAC,12
Jordan,Matthews,WR,CAR,14
C.J.,Uzomah,TE,PHI,9
Dedrick,Mills,RB,DET,8
Devon,Williams,WR,BAL,7
Ben,Johnson,TE,LAC,12
Ben,Skowronek,WR,PIT,5
De'Montre,Tuggle,RB,CHI,5
Brady,Russell,TE,SEA,8
Eric,Tomlinson,TE,LAC,12
Joel,Wilson,TE,CHI,5
Trevon,Grimes,WR,PHI,9
Ramon,Jefferson,RB,TB,9
Curtis,Hodges,TE,CAR,14
Shawn,Poindexter,WR,SF,14
Neil,Pau'u,WR,BUF,7
Ryan,Aplin,QB,FA,0
Jerome,Washington,TE,ARI,8
Jawhar,Jordan,RB,HOU,6
Jeff,Driskel,QB,WAS,12
Sean,Ryan,WR,BAL,7
Lincoln,Sefcik,TE,NYJ,9
Drake,Dabney,TE,TEN,10
Demeer,Blankumsee,WR,NE,14
Dax,Raymond,TE,PIT,5
Garrett,Walston,TE,SF,14
Lachlan,Pitts,TE,CHI,5
Austin,Jones,RB,WAS,12
Detrich,Clark,WR,ATL,5
Aleva,Hifo,WR,ARI,8
Jerrion,Ealy,RB,KC,10
Davion,Davis,WR,WAS,12
Mohamed,Ibrahim,RB,MIN,6
Danny,Etling,QB,GB,5
Keric,Wheatfall,WR,PHI,9
Demario,Richard,RB,ATL,5
Andy,Isabella,WR,SF,14
Drew,Estrada,WR,HOU,6
Jacob,Kibodi,RB,CLE,9
Milton,Williams,WR,LV,8
Isaiah,Wooden,WR,LAC,12
Cephus,Johnson-III,WR,TB,9
Luke,Floriea,WR,CLE,9
Mason,Fairchild,TE,NO,11
Tim,Brown,TE,TB,9
Kennedy,Brooks,RB,PHI,9
Tre,Walker,WR,BUF,7
Will,Sheppard,WR,GB,5
Jonathan,Ward,RB,NYG,14
Bailey,Gaither,WR,BAL,7
David,Durden,WR,DAL,10
Jahmal,Banks,WR,BAL,7
Ezekiel,Elliott,RB,LAC,12
Lideatrick,Griffin,WR,GB,5
Michael,Wiley,RB,KC,10
DaMarkus,Lodge,WR,CIN,10
Eno,Benjamin,RB,NO,11
Chris,Evans,RB,CIN,10
Leddie,Brown,RB,LAC,12
Connor,Bazelak,QB,TB,9
Brandon,Dillon,TE,WAS,12
David,Moore,WR,CAR,14
Tamorrion,Terry,WR,SEA,8
Derrick,Deese-Jr.,TE,DET,8
Dylan,Cantrell,WR,WAS,12
Lawrence,Keys-III,WR,BUF,7
Jaquarii,Roberson,WR,LAR,8
Michael,Bandy,WR,DEN,12
Moose,Muhammad-III,WR,CAR,14
John,Samuel-Shenker,TE,LV,8
Zach,Heins,TE,LAC,12
Bailey,Zappe,QB,KC,10
Hakeem,Butler,TE,CIN,10
Mike,Weber,RB,NYG,14
Tanner,Morgan,QB,MIN,6
Chandler,Brayboy,WR,JAC,8
Marcus,Rosemy-Jacksaint,WR,PHI,9
Dontario,Drummond,WR,DAL,10
Brandon,Lewis,WR,TEN,10
Patrick,Laird,RB,TB,9
Jeremy,Gallon,WR,LV,8
Kyle,Sheets,WR,KC,10
Isaiah,Washington,WR,BAL,7
Steven,Montez,QB,DET,8
Bryan,Thompson,WR,BUF,7
Josiah,Deguara,TE,ARI,8
Keilan,Robinson,RB,PHI,9
Tyler,Davis,TE,NE,14
Mason,Kinsey,WR,TEN,10
Brandon,Powell,WR,MIN,6
Dallas,Daniels,WR,DEN,12
Lew,Nichols,RB,PIT,5
Cody,White,WR,SEA,8
Justin,Marshall,WR,SEA,8
Tre,Harbison-III,RB,CLE,9
Khalil,McClain,WR,MIA,12
Je'Quan,Burton,WR,MIA,12
Kenji,Bahar,QB,BAL,7
Kyle,Markway,TE,LAR,8
Jason,Brownlee,WR,KC,10
Chase,Harrell,TE,SF,14
George,Holani,RB,SEA,8
Ian,Wheeler,RB,CHI,5
Jalen,Guyton,WR,LV,8
Ryan,Becker,TE,ATL,5
Carson,Strong,QB,ARI,8
Corey,Taylor,RB,CLE,9
Damien,Harris,RB,BUF,7
Jenson,Stoshak,WR,CAR,14
DaVaris,Daniels,WR,NE,14
Justin,Johnson,TE,ARI,8
Jamaal,Pritchett,WR,NYJ,9
Jamal,Pettigrew,TE,LAR,8
Jalin,Conyers,TE,MIA,12
Samson,Nacua,WR,NO,11
Keith,Smith,RB,ATL,5
Javon,McKinley,WR,PIT,5
Damiere,Byrd,WR,BUF,7
Sam,Ehlinger,QB,DEN,12
Cam,Sutton,TE,SEA,8
C.J.,Conrad,TE,NYG,14
Trevon,Clark,WR,BAL,7
Jonathan,Duhart,WR,DET,8
Nick,Muse,TE,PHI,9
James,Washington,WR,ATL,5
Alize,Mack,TE,TEN,10
Greg,Ward,WR,IND,11
Cody,Chrest,WR,GB,5
Logan,Thomas,TE,SF,14
Gavin,Holmes,WR,TEN,10
Derrick,Dillon,WR,CLE,9
Jakeem,Grant,WR,ATL,5
Daniel,Jackson,WR,HOU,6
Jaxon,Janke,WR,HOU,6
Treylon,Burks,WR,TEN,10
Christian,Trahan,TE,CIN,10
Camerun,Peoples,RB,CAR,14
Rashod,Owens,WR,CIN,10
TJ,Pledger,RB,ARI,8
Taylor,Grimes,WR,DEN,12
Jackson,Meeks,WR,DET,8
Tommy,Hudson,TE,NO,11
Jaaron,Hayek,WR,KC,10
Brycen,Hopkins,TE,LAR,8
Ethan,Fernea,WR,IND,11
Sal,Cannella,TE,CLE,9
Jaylon,Moore,WR,JAC,8
Daurice,Fountain,WR,DET,8
Andrew,Peasley,QB,NYJ,9
Clayton,Thorson,QB,NYG,14
Brelan,Chancellor,WR,PIT,5
Malachi,Carter,WR,CIN,10
Cameron,Scarlett,RB,SEA,8
Sy,Barnett,WR,NO,11
Bryant,Mitchell,WR,TB,9
Alex,Bachman,WR,LV,8
Anthony,McFarland,RB,MIA,12
Frank,Darby,WR,SF,14
Davis,Cheek,QB,CAR,14
Stephon,Robinson-Jr.,WR,ARI,8
Talolo,Limu-Jones,WR,CAR,14
Deshaun,Watson,QB,CLE,9
Trevon,Wesco,TE,LV,8
Austin,Trammell,WR,JAC,8
D'Ernest,Johnson,RB,BAL,7
Griffin,Hebert,TE,PHI,9
Aaron,Dykes,RB,MIN,6
Casey,Bauman,QB,LAC,12
Jake,Tonges,TE,SF,14
DJ,Chark,WR,ATL,5
Braxton,Burmeister,WR,LAR,8
Tyrone,Broden,WR,SEA,8
Jashaun,Corbin,RB,ATL,5
Dimitri,Stanley,WR,GB,5
Jeret,Smith,WR,KC,10
Ayir,Asante,WR,NYG,14
Ke'Shawn,Vaughn,RB,SF,14
Jordan,Bly,WR,NYG,14
Isaac,Zico,WR,ARI,8
Efton,Chism-III,WR,NE,14
Erik,Krommenhoek,TE,LAC,12
Graham,Adomitis,TE,IND,11
Austin,Proehl,WR,NYG,14
A.J.,Rose,RB,LAR,8
Connor,Davis,TE,CLE,9
Hal,Presley,WR,KC,10
John,Copenhaver,TE,JAC,8
Cary,Angeline,TE,PHI,9
Bryce,Love,RB,WAS,12
Tyrie,Cleveland,WR,IND,11
Khari,Blasingame,RB,PHI,9
Jared,Scott,TE,IND,11
Latreal,Jones,WR,TB,9
Caleb,Scott,WR,LV,8
John,Hall,WR,SEA,8
Alex,McGough,QB,GB,5
Messiah,Swinson,TE,GB,5
Keith,Towbridge,TE,WAS,12
Jake,Fromm,QB,DET,8
N'Keal,Harry,WR,SEA,8
Tyree,Jackson,TE,WAS,12
Julian,Hicks,WR,GB,5
Payton,Thorne,QB,CIN,10
Jerome,Kapp,WR,NYJ,9
Courtney,Jackson,WR,DEN,12
Stephen,Sullivan,TE,CAR,14
Louis,Rees-Zammit,RB,JAC,8
Ronnie,Brown,RB,TB,9
David,Wells,TE,TB,9
Jerick,McKinnon,RB,KC,10
Cade,McDonald,WR,CLE,9
Skylar,Thompson,QB,PIT,5
Lujuan,Winningham,WR,JAC,8
Brandon,Johnson,RB,PIT,5
Isaiah,Weston,WR,CLE,9
Anthony,Norris,TE,DEN,12
Khalil,Tate,WR,PHI,9
Dustin,Crum,QB,KC,10
Toriano,Clinton,RB,IND,11
Brett,Gabbert,QB,MIA,12
A.J.,Henning,WR,MIA,12
Jalon,Calhoun,WR,DET,8
DeShon,Williams,TE,SEA,8
James,Butler,RB,LV,8
Odell,Beckham-Jr.,WR,MIA,12
Jimmy,Graham,TE,NO,11
Travis,Toivonen,WR,MIN,6
Dan,Chisena,WR,CAR,14
Gage,Larvadain,WR,CLE,9
DJ,Turner,WR,LV,8
Anthony,Johnson,WR,PIT,5
Kellen,Mond,QB,NO,11
Sean,McKeon,TE,IND,11
Cody,Thompson,WR,TB,9
Drake,Stoops,WR,LAR,8
Marcus,Major,RB,BAL,7
Tre,Turner,WR,LV,8
Bernhard,Seikovits,TE,ARI,8
Shermari,Jones,RB,CIN,10
Austin,Fort,TE,TEN,10
Winston,Wright-Jr.,WR,CLE,9
Brandon,Peters,QB,LAC,12
Sammis,Reyes,TE,MIN,6
Travell,Harris,WR,CLE,9
Stetson,Bennett,QB,LAR,8
JJ,Laap,WR,LAR,8
Jeremiah,Webb,WR,NE,14
Kody,Case,WR,IND,11
Corey,Kiner,RB,SF,14
Darrynton,Evans,RB,BUF,7
Nathan,Rourke,QB,ATL,5
Duece,Watts,WR,PIT,5
Patrick,Murtagh,TE,JAC,8
Seth,Henigan,QB,JAC,8
Trenton,Irwin,WR,JAC,8
Isi,Sofele,RB,FA,0
Gerrit,Prince,TE,KC,10
Sean,Modster,WR,BAL,7
Alex,Erickson,WR,HOU,6
Colton,Dowell,WR,TEN,10
Bub,Means,WR,NO,11
Josh,Ali,WR,ATL,5
Martavis,Bryant,WR,WAS,12
Jhamon,Ausbon,WR,PHI,9
Hunter,Thedford,TE,CLE,9
Xavier,Restrepo,WR,TEN,10
Rushawn,Baker,RB,NYG,14
Amba,Etta-Tawo,WR,HOU,6
Taryn,Christion,QB,PIT,5
Tre,Nixon,WR,NE,14
Gus,Edwards,RB,LAC,12
Joe,Reed,WR,CHI,5
Ty,James,WR,MIN,6
Gee,Scott-Jr.,TE,NE,14
Colson,Yankoff,RB,WAS,12
David,White-Jr.,WR,BUF,7
Kairee,Robinson,RB,SEA,8
Kelly,Bryant,QB,FA,0
Anthony,Ratliff-Williams,WR,SEA,8
Stevo,Klotz,TE,LAC,12
JJ,Galbreath,TE,PIT,5
Kye,Robichaux,RB,DET,8
Jordan,Akins,TE,CLE,9
T.J.,Rahming,WR,MIA,12
Jason,Bean,QB,IND,11
Jacolby,George,WR,CAR,14
Evan,Hull,RB,PIT,5
Bug,Howard,WR,TB,9
Tim,Boyle,QB,TEN,10
Carl,Tucker,TE,MIA,12
Reggie,Davis,WR,DAL,10
Michael,Johnson,WR,PHI,9
Jake,Luton,QB,LV,8
James,Blackman,QB,MIA,12
Mikah,Holder,WR,WAS,12
Bryson,Nesbit,TE,MIN,6
Isaiah,Winstead,WR,NYJ,9
Shae,Wyatt,WR,SF,14
Zander,Horvath,RB,MIA,12
Davonte,Allen,WR,BUF,7
Tim,DeMorat,QB,WAS,12
Shi,Smith,WR,KC,10
Matthew,Slater,WR,NE,14
Stevie,Scott-III,RB,ARI,8
Nick,Williams,WR,DEN,12
Jermar,Jefferson,RB,TEN,10
DeAndre,Torrey,RB,PHI,9
Mike,White,QB,BUF,7
Austin,Willis,WR,DET,8
Austin,Watkins-Jr.,WR,PHI,9
John,Wolford,QB,JAC,8
Naz,Bohannon,TE,JAC,8
Trace,McSorley,QB,WAS,12
Brevin,Jordan,TE,HOU,6
Keith,Kirkwood,WR,BAL,7
Erick,All,TE,CIN,10
Alfonzo,Graham,RB,PIT,5
Dalton,Keene,TE,HOU,6
Irv,Smith,TE,HOU,6
Royce,Freeman,RB,CHI,5
Tyquan,Thornton,WR,KC,10
Michael,Dereus,WR,BAL,7
Kyle,Allen,QB,DET,8
Justin,Rigg,TE,TEN,10
Moritz,Boehringer,TE,CIN,10
Grant,DuBose,WR,BUF,7
Tracy,Moore,WR,FA,0
Jordan,Moore,WR,CIN,10
Justin,Tukes,TE,PHI,9
Derrick,Johnson,WR,NYG,14
Jared,Baker,RB,ARI,8
Julius,Chestnut,RB,TEN,10
Alex,Armah,RB,WAS,12
Derek,Wright,WR,CAR,14
Johnathon,Johnson,WR,WAS,12
Darius,Cooper,WR,PHI,9
JP,Richardson,WR,CHI,5
Ra'Shaun,Henry,WR,SEA,8
Jerjuan,Newton,WR,DEN,12
Gerrid,Doaks,RB,HOU,6
Jalen,Sample,WR,WAS,12
Andrew,Parchment,WR,CAR,14
Savon,Scarver,WR,CHI,5
Corey,Sutton,WR,DET,8
Kelvin,Harmon,WR,DAL,10
Matt,Barkley,QB,JAC,8
Gabe,Davis,WR,JAC,8
Marlon,Mack,RB,ARI,8
Taj,McGowan,RB,JAC,8
Jack,Sorenson,WR,CIN,10
Owen,Wright,RB,TB,9
Tre,Mosley,WR,CIN,10
Deontez,Alexander,WR,SEA,8
JoJo,Ward,WR,ARI,8
Chris,Moore,WR,WAS,12
Karan,Higdon,RB,HOU,6
Deven,Thompkins,WR,CAR,14
Kendric,Pryor,WR,CIN,10
Cam,Johnson,WR,CAR,14
Kalil,Pimpleton,WR,NYG,14
Traeshon,Holden,WR,DAL,10
Jody,Fortson,TE,KC,10
Joseph,Ngata,WR,PHI,9
Braydon,Johnson,WR,BUF,7
Taylor,Heinicke,QB,LAC,12
Dresser,Winn,QB,LAR,8
Jack,Colletto,RB,PIT,5
Ketron,Jackson-Jr.,WR,LV,8
Riley,Leonard,QB,IND,11
Kalija,Lipscomb,WR,TEN,10
Michael,Young-Jr.,WR,HOU,6
Tyrion,Davis-Price,RB,GB,5
Kearis,Jackson,WR,HOU,6
Felton,Davis,WR,KC,10
Gerald,Everett,TE,CHI,5
Papi,White,WR,TEN,10
Deneric,Prince,RB,NE,14
Cameron,Camper,WR,JAC,8
Artayvious,Lynn,TE,DAL,10
Kalif,Jackson,TE,MIA,12
Anthony,Torres,TE,LAR,8
Marcus,Green,WR,PHI,9
JaMycal,Hasty,RB,NE,14
Keshunn,Abram,WR,NYJ,9
Lil'Jordan,Humphrey,WR,NYG,14
Willie,Johnson,WR,JAC,8
Nico,Evans,RB,PHI,9
George,Aston,RB,NYG,14
Cordarrelle,Patterson,RB,PIT,5
Adrian,Martinez,QB,NYJ,9
Gavin,Hardison,QB,MIA,12
Thomas,Ives,WR,CHI,5
Jalen,Williams,WR,NYG,14
Jacob,Hollister,TE,CAR,14
Michael,Woods-II,WR,CLE,9
Bryce,Pierre,TE,CAR,14
Antwane,Wells-Jr.,WR,NYG,14
Tyreik,McAllister,RB,LV,8
Josh,Kelly,WR,DAL,10
Case,Cookus,QB,LAR,8
Jordan,Ta'amu-Perifanos,QB,MIN,6
Ontaria,Wilson,WR,NYJ,9
Donte,Sylencieux,WR,BAL,7
Hayden,Hatten,WR,SEA,8
Jequez,Ezzard,WR,WAS,12
Taimi,Tutogi,RB,FA,0
Nikola,Kalinic,TE,ATL,5
Aaron,Shampklin,RB,MIA,12
Jeff,Foreman,WR,LV,8
Albert,Okwuegbunam,TE,LV,8
Easop,Winston,WR,NYJ,9
Jaden,Shirden,RB,CAR,14
Isaiah,Neyor,WR,GB,5
Branden,Mack,WR,DEN,12
JaVonta,Payton,WR,ARI,8
Garett,Maag,WR,MIN,6
Eli,Stove,WR,LAC,12
Omar,Bayless,WR,KC,10
TJ,Sheffield,WR,TEN,10
Tre',McKitty,TE,HOU,6
Robert,Burns,RB,ATL,5
Kevin,Marks-Jr.,RB,LAC,12
Nate,Carter,RB,ATL,5
Austin,Allen,TE,GB,5
Kenneth,Harper,RB,NYG,14
Jose,Barbon,WR,DAL,10
Jake,Roh,TE,ATL,5
Jaylen,Smith,WR,SEA,8
Nate,McCollum,WR,ARI,8
Michael,Thomas,WR,NO,11
Deontay,Burnett,WR,DAL,10
Kyric,McGowan,WR,MIA,12
Josh,Jarboe,WR,FA,0
Rodney,Williams,TE,PIT,5
Harvey,Binford,WR,IND,11
Samori,Toure,WR,CHI,5
Master,Teague-III,RB,PIT,5
Giles,Jackson,WR,PHI,9
Darion,Clark,TE,CHI,5
Levi,Lewis,QB,SEA,8
Tyshaun,James,WR,ATL,5
Lynn,Bowden-Jr.,WR,NO,11
Bryce,Perkins,QB,CAR,14
Hassan,Hall,RB,ARI,8
Josh,Imatorbhebhe,WR,JAC,8
Thomas,Hennigan,WR,MIN,6
Austin,Reed,QB,CHI,5
Nathan,Peterman,QB,ATL,5
Jadon,Haselwood,WR,PHI,9
Chase,Cota,WR,CLE,9
Lincoln,Victor,WR,DEN,12
Sone,Ntoh,RB,BAL,7
British,Brooks,RB,HOU,6
Parris,Campbell,WR,DAL,10
Isaiah,Bowser,RB,BUF,7
Hamze,El-Zayat,WR,NYJ,9
Markese,Stepp,RB,NYJ,9
Kevin,Harris,RB,JAC,8
Tyjon,Lindsey,WR,SEA,8
Bruce,Anderson,RB,IND,11
Peter,LeBlanc,WR,CHI,5
Hunter,Dekkers,QB,NO,11
Jaylen,Johnson,WR,LAC,12
Nate,Noel,RB,IND,11
Jacob,Sirmon,QB,CLE,9
Zack,Kuntz,TE,NYJ,9
Cole,McDonald,QB,ARI,8
Tyler,Kroft,TE,MIA,12
Nate,Stanley,QB,MIN,6
Sam,Hartman,QB,WAS,12
Carlos,Washington-Jr.,RB,ATL,5
John,FitzPatrick,TE,GB,5
Deonte,Harty,WR,BAL,7
Devante,Davis,WR,PHI,9
Darece,Roberson-Jr.,WR,SEA,8
Kristian,Wilkerson,WR,BUF,7
Toa,Taua,RB,CLE,9
Sam,Wiglusz,WR,LAR,8
Gunner,Olszewski,WR,NYG,14
Braylon,Sanders,WR,WAS,12
Collin,Klein,QB,FA,0
Jimmy,Holiday,WR,KC,10
Tavonn,Salter,WR,ATL,5
Eric,Dungey,QB,CIN,10
Chris,Coleman,WR,MIA,12
Dalen,Cambre,WR,NYG,14
Boston,Scott,RB,PIT,5
Dayton,Wade,WR,BAL,7
Tru,Edwards,WR,LAR,8
Andrew,Vollert,TE,IND,11
Ife,Adeyi,WR,PHI,9
Artavis,Scott,WR,HOU,6
Matt,Colburn,RB,JAC,8
Alex,Gray,TE,ATL,5
BJ,Emmons,RB,HOU,6
Montana,Lemonious-Craig,WR,PIT,5
Erik,Ezukanma,WR,MIA,12
Ty,Scott,WR,SEA,8
Josh,Vann,WR,CAR,14
Antoine,Green,WR,DET,8
DeAngelo,Hardy,WR,BAL,7
Tyler,Harrell,WR,NYJ,9
DK,Kaufman,RB,SEA,8
Robbie,Chosen,WR,SF,14
Calvin,Tyler-Jr.,RB,CIN,10
Luke,Deal,TE,DET,8
E.J.,Jenkins,TE,PHI,9
Braxton,Westfield,WR,IND,11
Robert,Lewis,WR,MIN,6
Trent,Pennix,RB,IND,11
Ahmani,Marshall,RB,CLE,9
Anthony,Tyus-III,RB,SEA,8
Michael,Dyer,RB,LV,8
Jase,McClellan,RB,TB,9
Dontay,Demus-Jr.,WR,BAL,7
Ty,Fryfogle,WR,KC,10
Chris,Oladokun,QB,KC,10
Jordan,Thomas,TE,ATL,5
Quartney,Davis,WR,IND,11
Nick,Brossette,RB,DET,8
David,Sills,WR,ATL,5
Cade,Brewer,TE,SEA,8
Jordan,Petaia,TE,LAC,12
J.J.,Jones,WR,JAC,8
JuJu,Smith-Schuster,WR,KC,10
Jesse,Matthews,WR,ATL,5
Trevion,Thompson,WR,TEN,10
Praise,Olatoke,WR,CAR,14
Otis,Anderson,RB,LAR,8
Cornell,Powell,WR,HOU,6
Brayden,Lenius,TE,ATL,5
Ke'Shawn,Williams,WR,PIT,5
Devin,Gray,WR,KC,10
Jerreth,Sterns,WR,LAR,8
J.T.,Barrett,QB,PIT,5
Brenden,Knox,RB,KC,10
Ryan,Tannehill,QB,TEN,10
Allen,Robinson,WR,DET,8
Grayson,Gunter,TE,JAC,8
Stephen,Guidry,WR,DAL,10
David,Wallis,WR,NE,14
Derek,Carr,QB,NO,11
C.J.,Johnson,WR,SEA,8
Corey,Crooms-Jr.,WR,DAL,10
Chris,Conley,WR,SF,14
Ja'Quinden,Jackson,RB,JAC,8
Jacob,Warren,TE,NE,14
DeVonte,Dedmon,WR,MIA,12
Ameer,Abdullah,RB,SF,14
Kobe,Hudson,WR,CAR,14
Jacardia,Wright,RB,SEA,8
Nick,Eubanks,TE,IND,11
Sam,James,WR,LAR,8
Riley,Sharp,TE,BAL,7
Chad,Kanoff,QB,TB,9
Jaray,Jenkins,WR,PIT,5
Jibri,Blount,TE,MIA,12
Equanimeous,St.-Brown,WR,SF,14
Rocky,Lombardi,QB,CIN,10
Matt,Landers,WR,TEN,10
John,Rhys-Plumlee,QB,SEA,8
Dee,Hart,RB,FA,0
Tyler,Hoosman,RB,LAC,12
Cody,Schrader,RB,LAR,8
Maximilian,Mang,TE,IND,11
Antonio,Brown,WR,TB,9
Monaray,Baldwin,WR,MIA,12
Elijah,Young,RB,BUF,7
Brady,Cook,QB,NYJ,9
Damien,Caffrey,TE,CHI,5
Emani,Bailey,RB,CAR,14
Tyler,Snead,WR,PIT,5
Terrance,Cobb,RB,LV,8
Isaiah,McKoy,WR,IND,11
Dalton,Schoen,WR,KC,10
Jadon,Janke,WR,GB,5
Anthony,Firkser,TE,KC,10
Jonathan,Adams-Jr.,WR,DET,8
Joseph,Scates,WR,JAC,8
Scotty,Washington,TE,BAL,7
La'Mical,Perine,RB,PIT,5
Tommy,DeVito,QB,NYG,14
Devonte,Robinson,WR,GB,5
Jake,Phillips,TE,PIT,5
Drew,Belcher,TE,WAS,12
Willie,Snead,WR,MIA,12
Marquise,Goodwin,WR,CLE,9
Rashon,Ceaser,WR,TEN,10
Myles,Gaskin,RB,BAL,7
Dorian,Singer,WR,JAC,8
Justin,Lockhart,WR,KC,10
Benny,LeMay,RB,CLE,9
Tre,Watson,TE,KC,10
DeWayne,McBride,RB,MIN,6
Austin,Stogner,TE,ATL,5
Marcus,Simms,WR,SEA,8
Justin,Hall,WR,MIN,6
Matt,Johnson,QB,CIN,10
Trevon,Bradford,WR,LAC,12
Tanner,Mordecai,QB,SF,14
Mike,Harley,WR,MIA,12
Bryce,Oliver,WR,TEN,10
Thomas,Greaney,TE,CLE,9
Gary,Chambers,WR,BUF,7
Jamison,Crowder,WR,WAS,12
Osirus,Mitchell,WR,GB,5
Devron,Harper,WR,MIN,6
River,Cracraft,WR,WAS,12
Ja'Corey,Brooks,WR,WAS,12
Drew,Anderson,QB,ARI,8
McCallan,Castles,TE,LAR,8
Brian,Lewerke,QB,NYG,14
Aidan,Robbins,RB,CLE,9
Reggie,Brown,WR,KC,10
John,Raine,TE,ATL,5
Ja'Lynn,Polk,WR,NE,14
Montrell,Johnson-Jr.,RB,PHI,9
Nick,Stevens,QB,DEN,12
Jordan,Travis,QB,NYJ,9
John,Mitchell,WR,SEA,8
Quentin,Skinner,WR,NYJ,9
Reid,Sinnett,QB,CIN,10
Thomas,Yassmin,TE,LAC,12
Demetris,Robertson,WR,SEA,8
Brett,Rypien,QB,MIN,6
T.J.,Luther,WR,CAR,14
Dez,Fitzpatrick,WR,LAC,12
Terrell,Jennings,RB,NE,14
Teddy,Bridgewater,QB,TB,9
Kenzel,Doe,WR,PIT,5
Darius,Anderson,RB,HOU,6
Xavier,Turner,RB,SEA,8
Ben,Beise,TE,TB,9
Mathew,Sexton,WR,MIA,12
Brian,Cobbs,WR,ARI,8
John,Jiles,WR,NE,14
Kisean,Johnson,WR,CLE,9
Jake,Herslow,WR,SEA,8
Nick,Kallerup,TE,SEA,8
Blake,Bell,TE,KC,10
Malcome,Kennedy,WR,NO,11
Lance,McCutcheon,WR,PIT,5
Rondale,Moore,WR,MIN,6
Cameron,Latu,TE,PHI,9
Austin,Mack,WR,ATL,5
Lan,Larison,RB,NE,14
D'Onta,Foreman,RB,CLE,9
Nay'Quan,Wright,RB,IND,11
Kurtis,Rourke,QB,SF,14
Mario,Williams,WR,LAR,8
Isaiah,Searight,TE,NYG,14
Jaret,Patterson,RB,LAC,12
DeVonte,Christopher,WR,FA,0
Kamryn,Pettway,RB,MIN,6
Tyler,Huntley,QB,CLE,9
Racey,McMath,WR,DAL,10
John,Ross,WR,PHI,9
Jordan,Mims,RB,TEN,10
Ronald,Awatt,RB,SF,14
Keenen,Brown,TE,HOU,6
Dontae,Fleming,WR,MIN,6
Greg,Bell,RB,PIT,5
James,Robinson,RB,NO,11
Max,Brosmer,QB,MIN,6
Maurice,Alexander,WR,CHI,5
Jacob,Harris,TE,TB,9
Mason,Stokke,RB,CAR,14
Patrick,Carr,RB,SEA,8
Jamoi,Mayes,WR,CIN,10
Max,Hurleman,RB,PIT,5
Steven,Stilianos,TE,DET,8
Ricky,Person-Jr.,RB,SEA,8
Quincy,Skinner-Jr.,WR,ATL,5
Josh,Woodrum,QB,WAS,12
Tyler,Mabry,TE,CAR,14
Kaden,Prather,WR,BUF,7
Mark,Redman,TE,LAR,8
Chase,Litton,QB,JAC,8
Josh,Pearson,WR,TB,9
Jacob,Breeland,TE,BAL,7
Ben,Bryant,QB,NYJ,9
Hunter,Kampmoyer,TE,DEN,12
Landon,Lenoir,WR,CHI,5
Beaux,Collins,WR,NYG,14
Malik,Flowers,WR,LV,8
Troy,Hairston-II,RB,CLE,9
Pat,Conroy,TE,LV,8
Isaiah,McKenzie,WR,MIA,12
Coleman,Owen,WR,IND,11
Jon'Vea,Johnson,WR,CHI,5
Ian,Book,QB,PHI,9
Cyrus,Holder,WR,CHI,5
Ellis,Merriweather,RB,GB,5
Logan,Woodside,QB,PIT,5
ShunDerrick,Powell,RB,PHI,9
Kenny,McIntosh,RB,SEA,8
Kelvin,McKnight,WR,DEN,12
Aron,Cruickshank,WR,PIT,5
Johnny,Lumpkin,TE,GB,5
B.J.,Baylor,RB,ATL,5
Adam,Choice,RB,SEA,8
Danny,Davis,WR,GB,5
Will,Levis,QB,TEN,10
Dylan,Drummond,WR,ATL,5
Carter,Runyon,TE,LV,8
Ben,Yurosek,TE,MIN,6
Trayveon,Williams,RB,CLE,9
Josh,Williams,RB,TB,9
James,Morgan,QB,ARI,8
Jaden,Smith,WR,TB,9
Travis,Jonsen,WR,TB,9
Micah,Simon,WR,CAR,14
Nick,Fitzgerald,QB,TB,9
Jordan,Ellis,RB,CIN,10
Zakhari,Franklin,WR,LV,8
Roc,Taylor,WR,PIT,5
Khalan,Laborn,RB,SF,14
Charlie,Taumoepeau,TE,DET,8
Whop,Philyor,WR,MIN,6
Kene,Nwangwu,RB,NYJ,9
Dax,Milne,WR,CAR,14
Andre,Miller,WR,GB,5
Max,Duggan,QB,LAC,12
Thomas,Gordon,TE,CHI,5
Seth,Green,TE,NO,11
Tyler,Boyd,WR,TEN,10
Luke,Benson,TE,LAC,12
Eli,Pancol,WR,JAC,8
Will,Grier,QB,DAL,10
Tylan,Wallace,WR,BAL,7
Rakeem,Boyd,RB,DET,8
Chris,Smith,RB,SEA,8
Michael,Jacobson,TE,NO,11
Christian,Sims,TE,LAR,8
Zach,Ojile,RB,MIN,6
Henry,Litwin,WR,CHI,5
Darius,Lassiter,WR,JAC,8
Carter,Bradley,QB,SF,14
Geoff,Swaim,TE,CLE,9
Joaquin,Davis,WR,DEN,12
Reggie,White-Jr.,WR,NYG,14
AJ,McCarron,QB,CIN,10
Jalen,Wayne,WR,GB,5
Desmond,Ridder,QB,CIN,10
Miller,Forristall,TE,LAR,8
Marquez,Callaway,WR,LV,8
Marcus,Yarns,RB,NO,11
Devon,Garrison,TE,SEA,8
Alec,Holler,TE,DAL,10
Taye,Barber,WR,TB,9
Alexander,Mattison,RB,MIA,12
Rivaldo,Fairweather,TE,DAL,10
Demetric,Felton,RB,WAS,12
John,Lovett,RB,PIT,5
Kyle,Philips,WR,LV,8
Cortrelle,Simpson,WR,TB,9
Donovan,Peoples-Jones,WR,NO,11
Clyde,Edwards-Helaire,RB,NO,11
Slade,Bolden,WR,ATL,5
Kendall,Milton,RB,CIN,10
C.J.,Beathard,QB,JAC,8
Landon,Parker,WR,IND,11
Taysir,Mack,WR,SF,14
De'Mornay,Pierson-El,WR,DEN,12
Cole,Herdman,TE,TEN,10
LaQuvionte,Gonzalez,WR,LAR,8
Mo,Alie-Cox,TE,IND,11
A.J.,Richardson,WR,ARI,8
Blaine,Gabbert,QB,KC,10
Elijah,Cooks,WR,PHI,9
Frank,Gore-Jr.,RB,BUF,7
Dalvin,Cook,RB,DAL,10
Zach,Davidson,TE,BUF,7
Cody,Fajardo,QB,LV,8
Kekoa,Crawford,WR,KC,10
Bryson,Green,WR,ARI,8
Ja'seem,Reed,WR,CAR,14
Richie,James,WR,KC,10
Chase,Claypool,WR,BUF,7
DaRon,Brown,WR,FA,0
Marcus,Riley,WR,NYJ,9
Jarrett,Guarantano,QB,DEN,12
Mark,Thompson,RB,LV,8
Dom,Wood-Anderson,TE,SEA,8
Holton,Ahlers,QB,SEA,8
Malik,Davis,RB,DAL,10
Pro,Wells,TE,CIN,10
Jalen,McCleskey,WR,NO,11
Kole,Taylor,TE,CIN,10
Taylor,Elgersma,QB,GB,5
Michael,Ezeike,TE,SEA,8
DeVontres,Dukes,WR,DEN,12
Dylan,Leonard,TE,DEN,12
Tyler,Davis,WR,MIA,12
Zach,D'Orazio,WR,NE,14
Brevin,Easton,WR,JAC,8
Travis,Dye,RB,NYJ,9
Siaosi,Mariner,WR,BAL,7
Snoop,Conner,RB,DAL,10
Taylor,Morin,WR,PHI,9
Tayvion,Robinson,WR,CAR,14
Sterling,Shepard,WR,TB,9
Trevor,Siemian,QB,TEN,10
Scooter,Harrington,TE,CHI,5
Michael,Pratt,QB,TB,9
Ronnie,Bell,WR,DET,8
Kevin,Foelsch,TE,PIT,5
Tyler,Adams,WR,IND,11
Easton,Stick,QB,ATL,5
Kedon,Slovis,QB,HOU,6
Jaylen,Jones,WR,LAC,12
Dalevon,Campbell,WR,LAC,12
Zack,Annexstad,QB,TB,9
Manny,Wilkins,QB,GB,5
Josh,Pederson,TE,JAC,8
DJ,Thomas-Jones,TE,PIT,5
Leon,Johnson-III,WR,LAC,12
Pete,Guerriero,RB,PIT,5
Jermaine,Jackson,WR,NO,11
Jalen,White,RB,GB,5
Freddie,Swain,WR,CHI,5
Jaivon,Heiligh,WR,CIN,10
DJ,Williams,RB,TB,9
Mac,Hippenhammer,WR,CIN,10
Ed,Lee,WR,NE,14
Malik,Henry,WR,NO,11
Josh,Harper,WR,LV,8
Josh,Johnson,WR,DET,8
D'Eriq,King,QB,CAR,14
Tyrell,Shavers,WR,BUF,7
Moochie,Dixon,WR,NO,11
Andre,Baccellia,WR,ARI,8
Salvon,Ahmed,RB,IND,11
Armanti,Foreman,WR,MIN,6
K.J.,Hamler,WR,BUF,7
Dymere,Miller,WR,NYJ,9
Johnny,King,WR,PHI,9
Da'Quan,Felton,WR,NYG,14
Tiyon,Evans,RB,CAR,14
Nolan,Givan,TE,DET,8
Zack,Moss,RB,CIN,10
Sean,Clifford,QB,GB,5
Malik,Williams,WR,BUF,7
Chris,Blair,WR,ATL,5
Daewood,Davis,WR,CAR,14
Zaire,Mitchell-Paden,TE,BAL,7
Terique,Owens,WR,SF,14
Tyler,Kahmann,WR,IND,11
Dillon,Johnson,RB,CAR,14
Kai,Locksley,WR,MIA,12
Matt,Breida,RB,SF,14
Joshua,Simon,TE,ATL,5
Josh,Babicz,TE,GB,5
Xavier,Johnson,WR,HOU,6
Jeshaun,Jones,WR,MIN,6
Kobe,Lewis,RB,SEA,8
Anthony,Gordon,QB,KC,10
Rodney,Anderson,RB,CIN,10
JJ,Howland,TE,TB,9
Jack,Westover,TE,NE,14
Deion,Hankins,RB,CHI,5
Theo,Wease-Jr.,WR,MIA,12
Johnny,Wilson,WR,PHI,9
Keaontay,Ingram,RB,KC,10
Dylan,Parham,TE,DEN,12
Noah,Gindorff,TE,PIT,5
Trabis,Ward,RB,FA,0
Max,Borghi,RB,PIT,5
Ben,DiNucci,QB,ATL,5
J.C.,Copeland,RB,NYJ,9
Calvin,Jackson-Jr.,WR,MIA,12
Odieu,Hiliare,WR,ATL,5
Tanner,Taula,TE,TB,9
Jordan,Williams-Lambert,WR,CHI,5
B.J.,Catalon,RB,FA,0
Deon,Jackson,RB,DET,8
Devin,Leary,QB,BAL,7
Chris,Tyree,WR,NO,11
Griffin,Neal,QB,NO,11
Sam,Schnee,RB,TEN,10
Blake,Proehl,WR,MIN,6
Montel,Harris,RB,FA,0
Brennan,Presley,WR,LAR,8
Neal,Johnson,TE,NYJ,9
Jonathon,Rumph,WR,NYJ,9
Juwan,Green,WR,KC,10
Matt,Sokol,TE,BUF,7
Ryan,Williams,QB,GB,5
Chris,Finke,WR,CHI,5
Jay,Rome,TE,PIT,5
Briley,Moore-McKinney,TE,TEN,10
Henry,Pearson,TE,GB,5
John,Kelly,RB,CLE,9
Damion,Jeanpiere,WR,CAR,14
Bobo,Beathard,WR,ARI,8
Dai'Jean,Dixon,WR,NO,11
Isaac,Rex,TE,LAC,12
Mike,Strachan,WR,WAS,12
Jack,Plummer,QB,CAR,14
Danny,Gray,WR,PHI,9
Wayne,Taulapapa,RB,SEA,8
Austin,Aune,QB,ATL,5
Phil,Lutz,WR,NE,14
Luis,Perez,QB,LAC,12
Treyton,Welch,TE,NO,11
Juwann,Winfree,WR,HOU,6
Sam,Pinckney,WR,CAR,14
Silas,Bolden,WR,MIN,6
Thyrick,Pitts,WR,GB,5
Christion,Jones,WR,MIA,12
Luke,Grimm,WR,LAC,12
Peyton,Hendershot,TE,KC,10
Colby,Suits,QB,NYJ,9
Kehinde,Oginni,TE,ATL,5
Nsimba,Webster,WR,CHI,5
Jamaal,Williams,RB,NO,11
Christopher,Ezeala,RB,BAL,7
Shawn,Bowman,TE,JAC,8
Jaelon,Darden,WR,SEA,8
Cornelius,Johnson,WR,GB,5
Nathaniel,Peat,RB,DAL,10
Xavier,Malone,WR,ATL,5
Brian,Hoyer,QB,LV,8
Dee,Williams,WR,NYG,14